{
  "setup": {
	"areas_dflt": 1,
    "config_dir": "\\testPyOra\\OratorRun\\Docs\\PyOrator_model_files\\config",
    "fname_png": "D:\\testPyOra\\OratorRun\\Docs\\PyOrator_model_files\\Images\\Tree_of_life.PNG",
    "log_dir": "D:\\testPyOra\\OratorRun\\Docs\\PyOrator_model_files\\logs",
    "wthr_dir": "D:\\testPyOra\\OratorRun\\Docs\\PyOrator_model_files\\GlobalEcosseData\\",
    "fname_lookup": "D:\\testPyOra\\OratorRun\\lookup\\Orator variables lookup table.xlsx", 
    "excel_dir": "C:\\Program Files\\Microsoft Office\\root\\Office16",
    "params_xls": "D:\\testPyOra\\OratorRun\\Docs\\PyOrator_model_files\\params\\ORATOR_parameters.xlsx",
	"hwsd_dir": "D:\\testPyOra\\OratorRun\\Docs\\PyOrator_model_files\\GlobalEcosseData\\HWSD_NEW",
	"irrig_dflt": 0,
	"nrota_yrs_dflt": 1,
	"nsubareas": 8,
	"study_area_dir": "D:\\testPyOra\\OratorRun\\study_areas"

  }
}
